concept_id,dimensions,concept_name,table_format,csv_link,Status
gini,"[geo:country,time:time]",Gini,"{timeInColumns:FALSE, hasNameColumn:TRUE,nameColumn:“B”}",https://docs.google.com/spreadsheets/d/1y90cy3oFqCjQG5q0uoUB4Ge-KQ8H0Z8tpFbiEkKZch8/gviz/tq?tqx=out:csv&sheet=data-for-countries-etc-by-year,
journakilled,"[geo:country,time:time]",Journalists killed,"{timeInColumns:FALSE, hasNameColumn:TRUE,nameColumn:“B”}",https://docs.google.com/spreadsheets/d/15V6I5-AVqjafF20iGbKQzITvKhOx1BwJBpIMli_8JG0/gviz/tq?tqx=out:csv&sheet=data-for-countries-etc-by-year,
journakilled,"[geo:global,time:time]",Journalists killed,"{timeInColumns:FALSE, hasNameColumn:TRUE,nameColumn:“B”}",https://docs.google.com/spreadsheets/d/15V6I5-AVqjafF20iGbKQzITvKhOx1BwJBpIMli_8JG0/gviz/tq?tqx=out:csv&sheet=data-for-world-by-year,
rgov_idea,"[geo:country,time:time]",Representative Government Index (IDEA),"{timeInColumns:FALSE, hasNameColumn:TRUE,nameColumn:“B”}",https://docs.google.com/spreadsheets/d/1JRr_NUMvSSZo6RIIde0JufSWsG1tHchWLZ9RqX_iz0Q/gviz/tq?tqx=out:csv&sheet=data-for-countries-etc-by-year,
celec_idea,"[geo:country,time:time]",Clean Elections Index (IDEA),"{timeInColumns:FALSE, hasNameColumn:TRUE,nameColumn:“B”}",https://docs.google.com/spreadsheets/d/1JRr_NUMvSSZo6RIIde0JufSWsG1tHchWLZ9RqX_iz0Q/gviz/tq?tqx=out:csv&sheet=data-for-countries-etc-by-year,
isuffrage_idea,"[geo:country,time:time]",Inclusive Suffrage Index  (IDEA),"{timeInColumns:FALSE, hasNameColumn:TRUE,nameColumn:“B”}",https://docs.google.com/spreadsheets/d/1JRr_NUMvSSZo6RIIde0JufSWsG1tHchWLZ9RqX_iz0Q/gviz/tq?tqx=out:csv&sheet=data-for-countries-etc-by-year,
fppart_idea,"[geo:country,time:time]",Free Political Parties Index (IDEA),"{timeInColumns:FALSE, hasNameColumn:TRUE,nameColumn:“B”}",https://docs.google.com/spreadsheets/d/1JRr_NUMvSSZo6RIIde0JufSWsG1tHchWLZ9RqX_iz0Q/gviz/tq?tqx=out:csv&sheet=data-for-countries-etc-by-year,
elgov_idea,"[geo:country,time:time]",Elected Government Index (IDEA),"{timeInColumns:FALSE, hasNameColumn:TRUE,nameColumn:“B”}",https://docs.google.com/spreadsheets/d/1JRr_NUMvSSZo6RIIde0JufSWsG1tHchWLZ9RqX_iz0Q/gviz/tq?tqx=out:csv&sheet=data-for-countries-etc-by-year,
fundright_idea,"[geo:country,time:time]",Fundamental Rights Index (IDEA),"{timeInColumns:FALSE, hasNameColumn:TRUE,nameColumn:“B”}",https://docs.google.com/spreadsheets/d/1JRr_NUMvSSZo6RIIde0JufSWsG1tHchWLZ9RqX_iz0Q/gviz/tq?tqx=out:csv&sheet=data-for-countries-etc-by-year,
ajustice_idea,"[geo:country,time:time]",Access to justice Index (IDEA),"{timeInColumns:FALSE, hasNameColumn:TRUE,nameColumn:“B”}",https://docs.google.com/spreadsheets/d/1JRr_NUMvSSZo6RIIde0JufSWsG1tHchWLZ9RqX_iz0Q/gviz/tq?tqx=out:csv&sheet=data-for-countries-etc-by-year,
cliberties_idea,"[geo:country,time:time]",Civil liberties Index (IDEA),"{timeInColumns:FALSE, hasNameColumn:TRUE,nameColumn:“B”}",https://docs.google.com/spreadsheets/d/1JRr_NUMvSSZo6RIIde0JufSWsG1tHchWLZ9RqX_iz0Q/gviz/tq?tqx=out:csv&sheet=data-for-countries-etc-by-year,
fexpression_idea,"[geo:country,time:time]",Freedom of expression Index  (IDEA),"{timeInColumns:FALSE, hasNameColumn:TRUE,nameColumn:“B”}",https://docs.google.com/spreadsheets/d/1JRr_NUMvSSZo6RIIde0JufSWsG1tHchWLZ9RqX_iz0Q/gviz/tq?tqx=out:csv&sheet=data-for-countries-etc-by-year,
fassoas_idea,"[geo:country,time:time]",Freedom of association and assembly Index  (IDEA),"{timeInColumns:FALSE, hasNameColumn:TRUE,nameColumn:“B”}",https://docs.google.com/spreadsheets/d/1JRr_NUMvSSZo6RIIde0JufSWsG1tHchWLZ9RqX_iz0Q/gviz/tq?tqx=out:csv&sheet=data-for-countries-etc-by-year,
freligion_idea,"[geo:country,time:time]",Freedom of religion (IDEA),"{timeInColumns:FALSE, hasNameColumn:TRUE,nameColumn:“B”}",https://docs.google.com/spreadsheets/d/1JRr_NUMvSSZo6RIIde0JufSWsG1tHchWLZ9RqX_iz0Q/gviz/tq?tqx=out:csv&sheet=data-for-countries-etc-by-year,
fmvt_idea,"[geo:country,time:time]",Freedom of movement (IDEA),"{timeInColumns:FALSE, hasNameColumn:TRUE,nameColumn:“B”}",https://docs.google.com/spreadsheets/d/1JRr_NUMvSSZo6RIIde0JufSWsG1tHchWLZ9RqX_iz0Q/gviz/tq?tqx=out:csv&sheet=data-for-countries-etc-by-year,
pisec_idea,"[geo:country,time:time]",Personal integrity and security Index (IDEA),"{timeInColumns:FALSE, hasNameColumn:TRUE,nameColumn:“B”}",https://docs.google.com/spreadsheets/d/1JRr_NUMvSSZo6RIIde0JufSWsG1tHchWLZ9RqX_iz0Q/gviz/tq?tqx=out:csv&sheet=data-for-countries-etc-by-year,
sorigeq_idea,"[geo:country,time:time]",Social rights and equality Index (IDEA),"{timeInColumns:FALSE, hasNameColumn:TRUE,nameColumn:“B”}",https://docs.google.com/spreadsheets/d/1JRr_NUMvSSZo6RIIde0JufSWsG1tHchWLZ9RqX_iz0Q/gviz/tq?tqx=out:csv&sheet=data-for-countries-etc-by-year,
sgeq_idea,"[geo:country,time:time]",Social group equality Index (IDEA),"{timeInColumns:FALSE, hasNameColumn:TRUE,nameColumn:“B”}",https://docs.google.com/spreadsheets/d/1JRr_NUMvSSZo6RIIde0JufSWsG1tHchWLZ9RqX_iz0Q/gviz/tq?tqx=out:csv&sheet=data-for-countries-etc-by-year,
bwelfr_idea,"[geo:country,time:time]",Basic welfare Index (IDEA),"{timeInColumns:FALSE, hasNameColumn:TRUE,nameColumn:“B”}",https://docs.google.com/spreadsheets/d/1JRr_NUMvSSZo6RIIde0JufSWsG1tHchWLZ9RqX_iz0Q/gviz/tq?tqx=out:csv&sheet=data-for-countries-etc-by-year,
gendereq_idea,"[geo:country,time:time]",Gender equality Index (IDEA),"{timeInColumns:FALSE, hasNameColumn:TRUE,nameColumn:“B”}",https://docs.google.com/spreadsheets/d/1JRr_NUMvSSZo6RIIde0JufSWsG1tHchWLZ9RqX_iz0Q/gviz/tq?tqx=out:csv&sheet=data-for-countries-etc-by-year,
checkgvt_idea,"[geo:country,time:time]",Checks on Government Index (IDEA),"{timeInColumns:FALSE, hasNameColumn:TRUE,nameColumn:“B”}",https://docs.google.com/spreadsheets/d/1JRr_NUMvSSZo6RIIde0JufSWsG1tHchWLZ9RqX_iz0Q/gviz/tq?tqx=out:csv&sheet=data-for-countries-etc-by-year,
efparlt_idea,"[geo:country,time:time]",Effective parliament Index (IDEA),"{timeInColumns:FALSE, hasNameColumn:TRUE,nameColumn:“B”}",https://docs.google.com/spreadsheets/d/1JRr_NUMvSSZo6RIIde0JufSWsG1tHchWLZ9RqX_iz0Q/gviz/tq?tqx=out:csv&sheet=data-for-countries-etc-by-year,
judicindep_idea,"[geo:country,time:time]",Judicial independence Index (IDEA),"{timeInColumns:FALSE, hasNameColumn:TRUE,nameColumn:“B”}",https://docs.google.com/spreadsheets/d/1JRr_NUMvSSZo6RIIde0JufSWsG1tHchWLZ9RqX_iz0Q/gviz/tq?tqx=out:csv&sheet=data-for-countries-etc-by-year,
mediaint_idea,"[geo:country,time:time]",Media integrity Index (IDEA),"{timeInColumns:FALSE, hasNameColumn:TRUE,nameColumn:“B”}",https://docs.google.com/spreadsheets/d/1JRr_NUMvSSZo6RIIde0JufSWsG1tHchWLZ9RqX_iz0Q/gviz/tq?tqx=out:csv&sheet=data-for-countries-etc-by-year,
impadmin_idea,"[geo:country,time:time]",Impartial Administration Index (IDEA),"{timeInColumns:FALSE, hasNameColumn:TRUE,nameColumn:“B”}",https://docs.google.com/spreadsheets/d/1JRr_NUMvSSZo6RIIde0JufSWsG1tHchWLZ9RqX_iz0Q/gviz/tq?tqx=out:csv&sheet=data-for-countries-etc-by-year,
abscorrup_idea,"[geo:country,time:time]",Absence of corruption Index  (IDEA),"{timeInColumns:FALSE, hasNameColumn:TRUE,nameColumn:“B”}",https://docs.google.com/spreadsheets/d/1JRr_NUMvSSZo6RIIde0JufSWsG1tHchWLZ9RqX_iz0Q/gviz/tq?tqx=out:csv&sheet=data-for-countries-etc-by-year,
prenforct_idea,"[geo:country,time:time]",Predictable enforcement Index (IDEA),"{timeInColumns:FALSE, hasNameColumn:TRUE,nameColumn:“B”}",https://docs.google.com/spreadsheets/d/1JRr_NUMvSSZo6RIIde0JufSWsG1tHchWLZ9RqX_iz0Q/gviz/tq?tqx=out:csv&sheet=data-for-countries-etc-by-year,
civsocpart_idea,"[geo:country,time:time]",Civil society participation Index  (IDEA),"{timeInColumns:FALSE, hasNameColumn:TRUE,nameColumn:“B”}",https://docs.google.com/spreadsheets/d/1JRr_NUMvSSZo6RIIde0JufSWsG1tHchWLZ9RqX_iz0Q/gviz/tq?tqx=out:csv&sheet=data-for-countries-etc-by-year,
elecparti_idea,"[geo:country,time:time]",Electoral Participation Index (IDEA),"{timeInColumns:FALSE, hasNameColumn:TRUE,nameColumn:“B”}",https://docs.google.com/spreadsheets/d/1JRr_NUMvSSZo6RIIde0JufSWsG1tHchWLZ9RqX_iz0Q/gviz/tq?tqx=out:csv&sheet=data-for-countries-etc-by-year,
dirdemo_idea,"[geo:country,time:time]",Direct Democracy Index (IDEA),"{timeInColumns:FALSE, hasNameColumn:TRUE,nameColumn:“B”}",https://docs.google.com/spreadsheets/d/1JRr_NUMvSSZo6RIIde0JufSWsG1tHchWLZ9RqX_iz0Q/gviz/tq?tqx=out:csv&sheet=data-for-countries-etc-by-year,
locdemo_idea,"[geo:country,time:time]",Local Democracy Index (IDEA),"{timeInColumns:FALSE, hasNameColumn:TRUE,nameColumn:“B”}",https://docs.google.com/spreadsheets/d/1JRr_NUMvSSZo6RIIde0JufSWsG1tHchWLZ9RqX_iz0Q/gviz/tq?tqx=out:csv&sheet=data-for-countries-etc-by-year,
c_rgvt_idea,"[geo:country,time:time]",Change in Representative Government Index (IDEA),"{timeInColumns:FALSE, hasNameColumn:TRUE,nameColumn:“B”}",https://docs.google.com/spreadsheets/d/1JRr_NUMvSSZo6RIIde0JufSWsG1tHchWLZ9RqX_iz0Q/gviz/tq?tqx=out:csv&sheet=data-for-countries-etc-by-year,
c_fundright_idea,"[geo:country,time:time]",Change in Fundamental Rights Index (IDEA),"{timeInColumns:FALSE, hasNameColumn:TRUE,nameColumn:“B”}",https://docs.google.com/spreadsheets/d/1JRr_NUMvSSZo6RIIde0JufSWsG1tHchWLZ9RqX_iz0Q/gviz/tq?tqx=out:csv&sheet=data-for-countries-etc-by-year,
c_checkgvt_idea,"[geo:country,time:time]",Change in Checks on Government Index (IDEA),"{timeInColumns:FALSE, hasNameColumn:TRUE,nameColumn:“B”}",https://docs.google.com/spreadsheets/d/1JRr_NUMvSSZo6RIIde0JufSWsG1tHchWLZ9RqX_iz0Q/gviz/tq?tqx=out:csv&sheet=data-for-countries-etc-by-year,
c_impadmin_idea,"[geo:country,time:time]",Change in Impartial Administration Index (IDEA),"{timeInColumns:FALSE, hasNameColumn:TRUE,nameColumn:“B”}",https://docs.google.com/spreadsheets/d/1JRr_NUMvSSZo6RIIde0JufSWsG1tHchWLZ9RqX_iz0Q/gviz/tq?tqx=out:csv&sheet=data-for-countries-etc-by-year,
c_civsocpart_idea,"[geo:country,time:time]",Change in  civil society Participation Index (IDEA),"{timeInColumns:FALSE, hasNameColumn:TRUE,nameColumn:“B”}",https://docs.google.com/spreadsheets/d/1JRr_NUMvSSZo6RIIde0JufSWsG1tHchWLZ9RqX_iz0Q/gviz/tq?tqx=out:csv&sheet=data-for-countries-etc-by-year,
c_elecparti_idea,"[geo:country,time:time]",Change in Electoral Participation Index (IDEA),"{timeInColumns:FALSE, hasNameColumn:TRUE,nameColumn:“B”}",https://docs.google.com/spreadsheets/d/1JRr_NUMvSSZo6RIIde0JufSWsG1tHchWLZ9RqX_iz0Q/gviz/tq?tqx=out:csv&sheet=data-for-countries-etc-by-year,
c_dirdemo_idea,"[geo:country,time:time]",Change in Direct democracy Index (IDEA),"{timeInColumns:FALSE, hasNameColumn:TRUE,nameColumn:“B”}",https://docs.google.com/spreadsheets/d/1JRr_NUMvSSZo6RIIde0JufSWsG1tHchWLZ9RqX_iz0Q/gviz/tq?tqx=out:csv&sheet=data-for-countries-etc-by-year,
c_locdemo_idea,"[geo:country,time:time]",Change in Local Democracy Index (IDEA),"{timeInColumns:FALSE, hasNameColumn:TRUE,nameColumn:“B”}",https://docs.google.com/spreadsheets/d/1JRr_NUMvSSZo6RIIde0JufSWsG1tHchWLZ9RqX_iz0Q/gviz/tq?tqx=out:csv&sheet=data-for-countries-etc-by-year,
freedstatus_fh,"[geo:country,time:time]",Freedom status (FH),"{timeInColumns:FALSE, hasNameColumn:TRUE,nameColumn:“B”}",https://docs.google.com/spreadsheets/d/1-lqYHfMFd9wJKbce6qfImvtGpRhvn6w-ptyRHJtiBx8/gviz/tq?tqx=out:csv&sheet=data-for-countries-etc-by-year,
freedix_fh,"[geo:country,time:time]",Freedom index (FH),"{timeInColumns:FALSE, hasNameColumn:TRUE,nameColumn:“B”}",https://docs.google.com/spreadsheets/d/1-lqYHfMFd9wJKbce6qfImvtGpRhvn6w-ptyRHJtiBx8/gviz/tq?tqx=out:csv&sheet=data-for-countries-etc-by-year,
polrights_fh,"[geo:country,time:time]",Political Rights index (FH),"{timeInColumns:FALSE, hasNameColumn:TRUE,nameColumn:“B”}",https://docs.google.com/spreadsheets/d/1-lqYHfMFd9wJKbce6qfImvtGpRhvn6w-ptyRHJtiBx8/gviz/tq?tqx=out:csv&sheet=data-for-countries-etc-by-year,
cliberities_fh,"[geo:country,time:time]",Civil Liberties index (FH),"{timeInColumns:FALSE, hasNameColumn:TRUE,nameColumn:“B”}",https://docs.google.com/spreadsheets/d/1-lqYHfMFd9wJKbce6qfImvtGpRhvn6w-ptyRHJtiBx8/gviz/tq?tqx=out:csv&sheet=data-for-countries-etc-by-year,
demox_eiu,"[geo:country,time:time]",Democracy index (EIU),"{timeInColumns:FALSE, hasNameColumn:TRUE,nameColumn:“B”}",https://docs.google.com/spreadsheets/d/1IQ_oADbMpEszuqd1VMGU9PdHrKl9bczoW_E35k78yeA/gviz/tq?tqx=out:csv&sheet=data-for-countries-etc-by-year,
electoplx_eiu,"[geo:country,time:time]",Electoral pluralism index (EIU),"{timeInColumns:FALSE, hasNameColumn:TRUE,nameColumn:“B”}",https://docs.google.com/spreadsheets/d/1IQ_oADbMpEszuqd1VMGU9PdHrKl9bczoW_E35k78yeA/gviz/tq?tqx=out:csv&sheet=data-for-countries-etc-by-year,
gvtx_eiu,"[geo:country,time:time]",Government index (EIU),"{timeInColumns:FALSE, hasNameColumn:TRUE,nameColumn:“B”}",https://docs.google.com/spreadsheets/d/1IQ_oADbMpEszuqd1VMGU9PdHrKl9bczoW_E35k78yeA/gviz/tq?tqx=out:csv&sheet=data-for-countries-etc-by-year,
polpartix_eiu,"[geo:country,time:time]",Political participation index(EIU),"{timeInColumns:FALSE, hasNameColumn:TRUE,nameColumn:“B”}",https://docs.google.com/spreadsheets/d/1IQ_oADbMpEszuqd1VMGU9PdHrKl9bczoW_E35k78yeA/gviz/tq?tqx=out:csv&sheet=data-for-countries-etc-by-year,
polcultx_eiu,"[geo:country,time:time]",Political culture index (EIU),"{timeInColumns:FALSE, hasNameColumn:TRUE,nameColumn:“B”}",https://docs.google.com/spreadsheets/d/1IQ_oADbMpEszuqd1VMGU9PdHrKl9bczoW_E35k78yeA/gviz/tq?tqx=out:csv&sheet=data-for-countries-etc-by-year,
civlibx_eiu,"[geo:country,time:time]",Civil liberties index (EIU),"{timeInColumns:FALSE, hasNameColumn:TRUE,nameColumn:“B”}",https://docs.google.com/spreadsheets/d/1IQ_oADbMpEszuqd1VMGU9PdHrKl9bczoW_E35k78yeA/gviz/tq?tqx=out:csv&sheet=data-for-countries-etc-by-year,
c_demox_eiu,"[geo:country,time:time]",Change in democracy index (EIU),"{timeInColumns:FALSE, hasNameColumn:TRUE,nameColumn:“B”}",https://docs.google.com/spreadsheets/d/1IQ_oADbMpEszuqd1VMGU9PdHrKl9bczoW_E35k78yeA/gviz/tq?tqx=out:csv&sheet=data-for-countries-etc-by-year,
refugee_in_perc_wb,"[geo:country,time:time]",Share refugees,"{timeInColumns:FALSE, hasNameColumn:TRUE,nameColumn:“B”}",https://docs.google.com/spreadsheets/d/18lkyZQGvVUXupcFscGTaoJgA1FTZUsaEhk_6Xsm5pBM/gviz/tq?tqx=out:csv&sheet=data-for-countries-etc-by-year,s
refugee_from_perc_wb,"[geo:country,time:time]",Refugee diaspora rate of origin population,"{timeInColumns:FALSE, hasNameColumn:TRUE,nameColumn:“B”}",https://docs.google.com/spreadsheets/d/18lkyZQGvVUXupcFscGTaoJgA1FTZUsaEhk_6Xsm5pBM/gviz/tq?tqx=out:csv&sheet=data-for-countries-etc-by-year,s
refugee_in_perc_wb,"[geo:global,time:time]",Share refugees,"{timeInColumns:FALSE, hasNameColumn:TRUE,nameColumn:“B”}",https://docs.google.com/spreadsheets/d/18lkyZQGvVUXupcFscGTaoJgA1FTZUsaEhk_6Xsm5pBM/gviz/tq?tqx=out:csv&sheet=data-for-world-by-year,s
refugee_in_perc_wb,"[geo:world_4region,time:time]",Share refugees,"{timeInColumns:FALSE, hasNameColumn:TRUE,nameColumn:“B”}",https://docs.google.com/spreadsheets/d/18lkyZQGvVUXupcFscGTaoJgA1FTZUsaEhk_6Xsm5pBM/gviz/tq?tqx=out:csv&sheet=data-for-regions-by-year,s
u5pop,"[geo:country,time:time]",Under-five population,"{timeInColumns:FALSE, hasNameColumn:TRUE,nameColumn:“B”}",https://docs.google.com/spreadsheets/d/1-5qutEU2Fxg4t5Cx37Y1gpgOShTz-Adt5rEg1U31-S4/gviz/tq?tqx=out:csv&sheet=data-for-countries-etc-by-year,
u5stunted_prc,"[geo:country,time:time]",Stunting prevalence,"{timeInColumns:FALSE, hasNameColumn:TRUE,nameColumn:“B”}",https://docs.google.com/spreadsheets/d/1GqwGgOnd4jMPn2cQfqOFFIVqvBoLVx9X9OsZZK-Fwq8/gviz/tq?tqx=out:csv&sheet=data-for-countries-etc-by-year,
ilevels3_wb,"[geo:country,time:time]",3 income groups (WB),"{timeInColumns:FALSE, hasNameColumn:TRUE,nameColumn:“B”}",https://docs.google.com/spreadsheets/d/1X6NenlJpv4aP2ApFGVmtiUdMCnqOcimpVelW5KcNgg4/gviz/tq?tqx=out:csv&sheet=data-for-countries-etc-by-year,
ilevels4_wb,"[geo:country,time:time]",4 income groups (WB),"{timeInColumns:FALSE, hasNameColumn:TRUE,nameColumn:“B”}",https://docs.google.com/spreadsheets/d/1X6NenlJpv4aP2ApFGVmtiUdMCnqOcimpVelW5KcNgg4/gviz/tq?tqx=out:csv&sheet=data-for-countries-etc-by-year,
vccine_imptn_dag,"[geo:country,time:time]","Vaccine importance, disagree (%)","{timeInColumns:FALSE, hasNameColumn:TRUE,nameColumn:“B”}",https://docs.google.com/spreadsheets/d/1_EN4eAOS7zugaxQeEVYYVwFy3iFcBqzp5J6vvEGxJfI/gviz/tq?tqx=out:csv&sheet=data-for-countries-etc-by-year,
vccin_sfty_dag,"[geo:country,time:time]","Vaccine safety, disagree (%)","{timeInColumns:FALSE, hasNameColumn:TRUE,nameColumn:“B”}",https://docs.google.com/spreadsheets/d/1_EN4eAOS7zugaxQeEVYYVwFy3iFcBqzp5J6vvEGxJfI/gviz/tq?tqx=out:csv&sheet=data-for-countries-etc-by-year,
vccin_effect_dag,"[geo:country,time:time]","Vaccine effectiveness, disagree (%)","{timeInColumns:FALSE, hasNameColumn:TRUE,nameColumn:“B”}",https://docs.google.com/spreadsheets/d/1_EN4eAOS7zugaxQeEVYYVwFy3iFcBqzp5J6vvEGxJfI/gviz/tq?tqx=out:csv&sheet=data-for-countries-etc-by-year,
female_hos,"[geo:country,time:time]",Female Head of State,"{timeInColumns:FALSE, hasNameColumn:TRUE,nameColumn:“B”}",https://docs.google.com/spreadsheets/d/1eIIc06lbHFkBXLKBRywCyFnkpIo_3LjuOnpfyA7WV7k/gviz/tq?tqx=out:csv&sheet=data-for-countries-etc-by-year,
num_countries_fhos,"[geo:global,time:time]",Number of countries,"{timeInColumns:FALSE, hasNameColumn:TRUE,nameColumn:“B”}",https://docs.google.com/spreadsheets/d/1eIIc06lbHFkBXLKBRywCyFnkpIo_3LjuOnpfyA7WV7k/gviz/tq?tqx=out:csv&sheet=data-for-world-by-year,
compt_plastic_wst,"[geo:country,time:time]",Plastic waste composition (%),"{timeInColumns:FALSE, hasNameColumn:TRUE,nameColumn:“B”}",https://docs.google.com/spreadsheets/d/1L8vJeFRwtHPf_C6M0w7u1IVnohJQ66qZnscVk33SrcM/gviz/tq?tqx=out:csv&sheet=data-for-countries-etc-by-year,
vacc_rate,"[geo:country,time:time]",Some vaccination rate,"{timeInColumns:FALSE, hasNameColumn:TRUE,nameColumn:“B”}",https://docs.google.com/spreadsheets/d/17TZgHPJrV5I09CSJYxsps8fKMK2XB2it2YWpXYMmRiE/gviz/tq?tqx=out:csv&sheet=data-for-countries-etc-by-year,u
bcg_vacc,"[geo:country,time:time]",BCG immunized,"{timeInColumns:FALSE, hasNameColumn:TRUE,nameColumn:“B”}",https://docs.google.com/spreadsheets/d/17TZgHPJrV5I09CSJYxsps8fKMK2XB2it2YWpXYMmRiE/gviz/tq?tqx=out:csv&sheet=data-for-countries-etc-by-year,u
mcv2_vacc,"[geo:country,time:time]",Measles 2nd dose immunized,"{timeInColumns:FALSE, hasNameColumn:TRUE,nameColumn:“B”}",https://docs.google.com/spreadsheets/d/17TZgHPJrV5I09CSJYxsps8fKMK2XB2it2YWpXYMmRiE/gviz/tq?tqx=out:csv&sheet=data-for-countries-etc-by-year,u
pcv3_vacc,"[geo:country,time:time]",PCV3 immunized,"{timeInColumns:FALSE, hasNameColumn:TRUE,nameColumn:“B”}",https://docs.google.com/spreadsheets/d/17TZgHPJrV5I09CSJYxsps8fKMK2XB2it2YWpXYMmRiE/gviz/tq?tqx=out:csv&sheet=data-for-countries-etc-by-year,u
pol3_vacc,"[geo:country,time:time]",Pol3 immunized,"{timeInColumns:FALSE, hasNameColumn:TRUE,nameColumn:“B”}",https://docs.google.com/spreadsheets/d/17TZgHPJrV5I09CSJYxsps8fKMK2XB2it2YWpXYMmRiE/gviz/tq?tqx=out:csv&sheet=data-for-countries-etc-by-year,u
rotac_vacc,"[geo:country,time:time]",RotaC immunized,"{timeInColumns:FALSE, hasNameColumn:TRUE,nameColumn:“B”}",https://docs.google.com/spreadsheets/d/17TZgHPJrV5I09CSJYxsps8fKMK2XB2it2YWpXYMmRiE/gviz/tq?tqx=out:csv&sheet=data-for-countries-etc-by-year,u
six_vacc_rate,"[geo:country,time:time]",Lowest vaccination rate among six basic vaccines,"{timeInColumns:FALSE, hasNameColumn:TRUE,nameColumn:“B”}",https://docs.google.com/spreadsheets/d/17TZgHPJrV5I09CSJYxsps8fKMK2XB2it2YWpXYMmRiE/gviz/tq?tqx=out:csv&sheet=data-for-countries-etc-by-year,u
immigrant_n,"[geo:global,time:time]",Immigrant stock,"{timeInColumns:FALSE, hasNameColumn:TRUE,nameColumn:“B”}",https://docs.google.com/spreadsheets/d/1hvP9tgZVAHLZyt2_b-J3HFv10EvLqBslJex8DGS6NWg/gviz/tq?tqx=out:csv&sheet=data-for-world-by-year,
emigrant_n,"[geo:global,time:time]",Emigrant stock,"{timeInColumns:FALSE, hasNameColumn:TRUE,nameColumn:“B”}",https://docs.google.com/spreadsheets/d/1hvP9tgZVAHLZyt2_b-J3HFv10EvLqBslJex8DGS6NWg/gviz/tq?tqx=out:csv&sheet=data-for-world-by-year,
immigrant_pc,"[geo:global,time:time]",Immigrant stock share,"{timeInColumns:FALSE, hasNameColumn:TRUE,nameColumn:“B”}",https://docs.google.com/spreadsheets/d/1hvP9tgZVAHLZyt2_b-J3HFv10EvLqBslJex8DGS6NWg/gviz/tq?tqx=out:csv&sheet=data-for-world-by-year,
emigrant_pc,"[geo:global,time:time]",Emigrant stock share,"{timeInColumns:FALSE, hasNameColumn:TRUE,nameColumn:“B”}",https://docs.google.com/spreadsheets/d/1hvP9tgZVAHLZyt2_b-J3HFv10EvLqBslJex8DGS6NWg/gviz/tq?tqx=out:csv&sheet=data-for-world-by-year,
ndisasd_tot,"[geo:global,time:time]",Natural disaster deaths per year,"{timeInColumns:FALSE, hasNameColumn:TRUE,nameColumn:“B”}",https://docs.google.com/spreadsheets/d/1kL2ALtkuxUd740nTmk0s3ALydAaZJHc5JZ8SrRTwMoE/gviz/tq?tqx=out:csv&sheet=data-for-world-by-year,
ndisasd_noep_tot,"[geo:global,time:time]","Natural disaster deaths excluding epidemics, per year","{timeInColumns:FALSE, hasNameColumn:TRUE,nameColumn:“B”}",https://docs.google.com/spreadsheets/d/1kL2ALtkuxUd740nTmk0s3ALydAaZJHc5JZ8SrRTwMoE/gviz/tq?tqx=out:csv&sheet=data-for-world-by-year,
ndisasd_rate,"[geo:global,time:time]",Natural disasters death rate per million people per year,"{timeInColumns:FALSE, hasNameColumn:TRUE,nameColumn:“B”}",https://docs.google.com/spreadsheets/d/1kL2ALtkuxUd740nTmk0s3ALydAaZJHc5JZ8SrRTwMoE/gviz/tq?tqx=out:csv&sheet=data-for-world-by-year,
ndisasd_noep_rate,"[geo:global,time:time]","Natural disasters death rate, excluding epidemics per million people per year","{timeInColumns:FALSE, hasNameColumn:TRUE,nameColumn:“B”}",https://docs.google.com/spreadsheets/d/1kL2ALtkuxUd740nTmk0s3ALydAaZJHc5JZ8SrRTwMoE/gviz/tq?tqx=out:csv&sheet=data-for-world-by-year,
ihme_conflict_death,"[geo:world_4region,time:time]",Conflict and terrorism deaths (%),"{timeInColumns:FALSE, hasNameColumn:TRUE,nameColumn:“B”}",https://docs.google.com/spreadsheets/d/1gPN7Kl4SN9_oi6NCTr4J7u_WYZg7K7zFpr9MDL_O8bE/gviz/tq?tqx=out:csv&sheet=data-for-regions-by-year,
ihme_cardio_death,"[geo:world_4region,time:time]",Cardiovascular diseases deaths (%),"{timeInColumns:FALSE, hasNameColumn:TRUE,nameColumn:“B”}",https://docs.google.com/spreadsheets/d/1gPN7Kl4SN9_oi6NCTr4J7u_WYZg7K7zFpr9MDL_O8bE/gviz/tq?tqx=out:csv&sheet=data-for-regions-by-year,
ihme_hiv_death,"[geo:world_4region,time:time]",HIV/AIDS deaths (%),"{timeInColumns:FALSE, hasNameColumn:TRUE,nameColumn:“B”}",https://docs.google.com/spreadsheets/d/1gPN7Kl4SN9_oi6NCTr4J7u_WYZg7K7zFpr9MDL_O8bE/gviz/tq?tqx=out:csv&sheet=data-for-regions-by-year,
popcit_less_300k,"[geo:global,time:time]",Population in cities with less than 300k people,"{timeInColumns:FALSE, hasNameColumn:TRUE,nameColumn:“B”}",https://docs.google.com/spreadsheets/d/1ccBxDTT5J9k3ZJbUmuvzc0xQvsLgBJnZ62S5xzPmY9E/gviz/tq?tqx=out:csv&sheet=data-for-world-by-year,
popcit_300_500k,"[geo:global,time:time]",Population in cities with 300k to 500k people,"{timeInColumns:FALSE, hasNameColumn:TRUE,nameColumn:“B”}",https://docs.google.com/spreadsheets/d/1ccBxDTT5J9k3ZJbUmuvzc0xQvsLgBJnZ62S5xzPmY9E/gviz/tq?tqx=out:csv&sheet=data-for-world-by-year,
popcit_500k_1m,"[geo:global,time:time]",Population in cities with 500k  to 1m people,"{timeInColumns:FALSE, hasNameColumn:TRUE,nameColumn:“B”}",https://docs.google.com/spreadsheets/d/1ccBxDTT5J9k3ZJbUmuvzc0xQvsLgBJnZ62S5xzPmY9E/gviz/tq?tqx=out:csv&sheet=data-for-world-by-year,
popcit_1_5m,"[geo:global,time:time]",Population in cities with 1 to 5m people,"{timeInColumns:FALSE, hasNameColumn:TRUE,nameColumn:“B”}",https://docs.google.com/spreadsheets/d/1ccBxDTT5J9k3ZJbUmuvzc0xQvsLgBJnZ62S5xzPmY9E/gviz/tq?tqx=out:csv&sheet=data-for-world-by-year,
popcit_5_10m,"[geo:global,time:time]",Population in cities with 5 to 10m people,"{timeInColumns:FALSE, hasNameColumn:TRUE,nameColumn:“B”}",https://docs.google.com/spreadsheets/d/1ccBxDTT5J9k3ZJbUmuvzc0xQvsLgBJnZ62S5xzPmY9E/gviz/tq?tqx=out:csv&sheet=data-for-world-by-year,
popcit_more_10m,"[geo:global,time:time]",Population in cities with more than 10m people,"{timeInColumns:FALSE, hasNameColumn:TRUE,nameColumn:“B”}",https://docs.google.com/spreadsheets/d/1ccBxDTT5J9k3ZJbUmuvzc0xQvsLgBJnZ62S5xzPmY9E/gviz/tq?tqx=out:csv&sheet=data-for-world-by-year,
percit_less_300k,"[geo:global,time:time]",Population in cities with less than 300k people (% total population),"{timeInColumns:FALSE, hasNameColumn:TRUE,nameColumn:“B”}",https://docs.google.com/spreadsheets/d/1ccBxDTT5J9k3ZJbUmuvzc0xQvsLgBJnZ62S5xzPmY9E/gviz/tq?tqx=out:csv&sheet=data-for-world-by-year,
percit_300_500k,"[geo:global,time:time]",Population in cities with 300k to 500k people (% total population),"{timeInColumns:FALSE, hasNameColumn:TRUE,nameColumn:“B”}",https://docs.google.com/spreadsheets/d/1ccBxDTT5J9k3ZJbUmuvzc0xQvsLgBJnZ62S5xzPmY9E/gviz/tq?tqx=out:csv&sheet=data-for-world-by-year,
percit_500k_1m,"[geo:global,time:time]",Population in cities with 500k  to 1m people (% total population),"{timeInColumns:FALSE, hasNameColumn:TRUE,nameColumn:“B”}",https://docs.google.com/spreadsheets/d/1ccBxDTT5J9k3ZJbUmuvzc0xQvsLgBJnZ62S5xzPmY9E/gviz/tq?tqx=out:csv&sheet=data-for-world-by-year,
percit_1_5m,"[geo:global,time:time]",Population in cities with 1 to 5m people (% total population),"{timeInColumns:FALSE, hasNameColumn:TRUE,nameColumn:“B”}",https://docs.google.com/spreadsheets/d/1ccBxDTT5J9k3ZJbUmuvzc0xQvsLgBJnZ62S5xzPmY9E/gviz/tq?tqx=out:csv&sheet=data-for-world-by-year,
percit_5_10m,"[geo:global,time:time]",Population in cities with 5 to 10m people (% total population),"{timeInColumns:FALSE, hasNameColumn:TRUE,nameColumn:“B”}",https://docs.google.com/spreadsheets/d/1ccBxDTT5J9k3ZJbUmuvzc0xQvsLgBJnZ62S5xzPmY9E/gviz/tq?tqx=out:csv&sheet=data-for-world-by-year,
percit_more_10m,"[geo:global,time:time]",Population in cities with more than 10m people (% total population),"{timeInColumns:FALSE, hasNameColumn:TRUE,nameColumn:“B”}",https://docs.google.com/spreadsheets/d/1ccBxDTT5J9k3ZJbUmuvzc0xQvsLgBJnZ62S5xzPmY9E/gviz/tq?tqx=out:csv&sheet=data-for-world-by-year,
owid_education_idx,"[geo:country,time:time]",OWID Education Index,"{timeInColumns:FALSE, hasNameColumn:TRUE,nameColumn:“B”}",https://docs.google.com/spreadsheets/d/1gK1UfJMvoeaK28f9HiqdeQ3cOU3V-EfImnsX_CrVFrA/gviz/tq?tqx=out:csv&sheet=data-for-countries-etc-by-year,
mmr_who,"[geo:country,time:time]",Maternal Mortality Ratio (WHO),"{timeInColumns:FALSE, hasNameColumn:TRUE,nameColumn:“B”}",https://docs.google.com/spreadsheets/d/14kb39XojncvwpNp_8ciuiEp5yP8QIaFmSZqAum6C63w/gviz/tq?tqx=out:csv&sheet=data-for-countries-etc-by-year,
mmr_ihme,"[geo:country,time:time]",Maternal Mortality Ratio (IHME),"{timeInColumns:FALSE, hasNameColumn:TRUE,nameColumn:“B”}",https://docs.google.com/spreadsheets/d/1Z2IS9xVg-KJ8nHK2fvwXVBXfereC-CxAJ5kZiRFD6BY/gviz/tq?tqx=out:csv&sheet=data-for-countries-etc-by-year,
wn_bothhouses_c,"[geo:country,time:time]",Pecentage of women in parliaments,"{timeInColumns:FALSE, hasNameColumn:TRUE,nameColumn:“B”}",https://docs.google.com/spreadsheets/d/1MCXMf9TekU6T1Q31_laZrfBmIUI2CVYRXB9IBXrc7Tc/gviz/tq?tqx=out:csv&sheet=data-for-countries-etc-by-year,
wn_bothhouses_c,"[geo:world_4region,time:time]",Pecentage of women in parliaments,"{timeInColumns:FALSE, hasNameColumn:TRUE,nameColumn:“B”}",https://docs.google.com/spreadsheets/d/1MCXMf9TekU6T1Q31_laZrfBmIUI2CVYRXB9IBXrc7Tc/gviz/tq?tqx=out:csv&sheet=data-for-regions-by-year,
wn_bothhouses_c,"[geo:global,time:time]",Pecentage of women in parliaments,"{timeInColumns:FALSE, hasNameColumn:TRUE,nameColumn:“B”}",https://docs.google.com/spreadsheets/d/1MCXMf9TekU6T1Q31_laZrfBmIUI2CVYRXB9IBXrc7Tc/gviz/tq?tqx=out:csv&sheet=data-for-world-by-year,
matfootp,"[geo:country,time:time]",Material footprint (tonnes),"{timeInColumns:FALSE, hasNameColumn:TRUE,nameColumn:“B”}",https://docs.google.com/spreadsheets/d/1x_hZAA0CdiiRnU3tJtu88jy1tSLrCCdVef97GXOGU6Y/gviz/tq?tqx=out:csv&sheet=data-for-countries-etc-by-year,
matfootp_cap,"[geo:country,time:time]",Material footprint per capita (tonnes),"{timeInColumns:FALSE, hasNameColumn:TRUE,nameColumn:“B”}",https://docs.google.com/spreadsheets/d/1x_hZAA0CdiiRnU3tJtu88jy1tSLrCCdVef97GXOGU6Y/gviz/tq?tqx=out:csv&sheet=data-for-countries-etc-by-year,
matfootp,"[geo:world_4region,time:time]",Material footprint (tonnes),"{timeInColumns:FALSE, hasNameColumn:TRUE,nameColumn:“B”}",https://docs.google.com/spreadsheets/d/1x_hZAA0CdiiRnU3tJtu88jy1tSLrCCdVef97GXOGU6Y/gviz/tq?tqx=out:csv&sheet=data-for-regions-by-year,
matfootp_cap,"[geo:world_4region,time:time]",Material footprint per capita (tonnes),"{timeInColumns:FALSE, hasNameColumn:TRUE,nameColumn:“B”}",https://docs.google.com/spreadsheets/d/1x_hZAA0CdiiRnU3tJtu88jy1tSLrCCdVef97GXOGU6Y/gviz/tq?tqx=out:csv&sheet=data-for-regions-by-year,
matfootp,"[geo:global,time:time]",Material footprint (tonnes),"{timeInColumns:FALSE, hasNameColumn:TRUE,nameColumn:“B”}",https://docs.google.com/spreadsheets/d/1x_hZAA0CdiiRnU3tJtu88jy1tSLrCCdVef97GXOGU6Y/gviz/tq?tqx=out:csv&sheet=data-for-world-by-year,
matfootp_cap,"[geo:global,time:time]",Material footprint per capita (tonnes),"{timeInColumns:FALSE, hasNameColumn:TRUE,nameColumn:“B”}",https://docs.google.com/spreadsheets/d/1x_hZAA0CdiiRnU3tJtu88jy1tSLrCCdVef97GXOGU6Y/gviz/tq?tqx=out:csv&sheet=data-for-world-by-year,
net_users_num,"[geo:country,time:time]",Internet users,"{timeInColumns:FALSE, hasNameColumn:TRUE,nameColumn:“B”}",https://docs.google.com/spreadsheets/d/14HINefWNOFkh4TNz-ZmBwb1K6w2Lg9z0P9rDJlJiQ8s/gviz/tq?tqx=out:csv&sheet=data-for-countries-etc-by-year,
non_net_users_prc,"[geo:country,time:time]",Non-internet users (%),"{timeInColumns:FALSE, hasNameColumn:TRUE,nameColumn:“B”}",https://docs.google.com/spreadsheets/d/14HINefWNOFkh4TNz-ZmBwb1K6w2Lg9z0P9rDJlJiQ8s/gviz/tq?tqx=out:csv&sheet=data-for-countries-etc-by-year,
non_net_users_num,"[geo:country,time:time]",Non Internet users,"{timeInColumns:FALSE, hasNameColumn:TRUE,nameColumn:“B”}",https://docs.google.com/spreadsheets/d/14HINefWNOFkh4TNz-ZmBwb1K6w2Lg9z0P9rDJlJiQ8s/gviz/tq?tqx=out:csv&sheet=data-for-countries-etc-by-year,
manuf_employ,"[geo:country,time:time]",Share working in manufacturing,"{timeInColumns:FALSE, hasNameColumn:TRUE,nameColumn:“B”}",https://docs.google.com/spreadsheets/d/1uAzU4ECJ137mLHivaFggbXrA5sdoBgfyfaZ9UtvtS90/gviz/tq?tqx=out:csv&sheet=data-for-countries-etc-by-year,
hapiscore_whr,"[geo:country,time:time]",Happiness score (WHR),"{timeInColumns:FALSE, hasNameColumn:TRUE,nameColumn:“B”}",https://docs.google.com/spreadsheets/d/1xjj60QRp8o7NA0w5TDdYXNej7kaTnubAYHZbhKLnSV0/gviz/tq?tqx=out:csv&sheet=data-for-countries-etc-by-year,
popcit_less_300k,"[geo:country,time:time]",Population in cities with less than 300k people,"{timeInColumns:FALSE, hasNameColumn:TRUE,nameColumn:“B”}",https://docs.google.com/spreadsheets/d/1ccBxDTT5J9k3ZJbUmuvzc0xQvsLgBJnZ62S5xzPmY9E/gviz/tq?tqx=out:csv&sheet=data-for-countries-etc-by-year,
popcit_300_500k,"[geo:country,time:time]",Population in cities with 300k to 500k people,"{timeInColumns:FALSE, hasNameColumn:TRUE,nameColumn:“B”}",https://docs.google.com/spreadsheets/d/1ccBxDTT5J9k3ZJbUmuvzc0xQvsLgBJnZ62S5xzPmY9E/gviz/tq?tqx=out:csv&sheet=data-for-countries-etc-by-year,
popcit_500k_1m,"[geo:country,time:time]",Population in cities with 500k  to 1m people,"{timeInColumns:FALSE, hasNameColumn:TRUE,nameColumn:“B”}",https://docs.google.com/spreadsheets/d/1ccBxDTT5J9k3ZJbUmuvzc0xQvsLgBJnZ62S5xzPmY9E/gviz/tq?tqx=out:csv&sheet=data-for-countries-etc-by-year,
popcit_1_5m,"[geo:country,time:time]",Population in cities with 1 to 5m people,"{timeInColumns:FALSE, hasNameColumn:TRUE,nameColumn:“B”}",https://docs.google.com/spreadsheets/d/1ccBxDTT5J9k3ZJbUmuvzc0xQvsLgBJnZ62S5xzPmY9E/gviz/tq?tqx=out:csv&sheet=data-for-countries-etc-by-year,
popcit_5_10m,"[geo:country,time:time]",Population in cities with 5 to 10m people,"{timeInColumns:FALSE, hasNameColumn:TRUE,nameColumn:“B”}",https://docs.google.com/spreadsheets/d/1ccBxDTT5J9k3ZJbUmuvzc0xQvsLgBJnZ62S5xzPmY9E/gviz/tq?tqx=out:csv&sheet=data-for-countries-etc-by-year,
popcit_more_10m,"[geo:country,time:time]",Population in cities with more than 10m people,"{timeInColumns:FALSE, hasNameColumn:TRUE,nameColumn:“B”}",https://docs.google.com/spreadsheets/d/1ccBxDTT5J9k3ZJbUmuvzc0xQvsLgBJnZ62S5xzPmY9E/gviz/tq?tqx=out:csv&sheet=data-for-countries-etc-by-year,
cities_w_300k_500k_p,"[geo:country,time:time]",Cities with 300k to 500k people,"{timeInColumns:FALSE, hasNameColumn:TRUE,nameColumn:“B”}",https://docs.google.com/spreadsheets/d/1G2GPmJ8oHwX7AIqLaS7CnG3FuoRSlg6lRSv6oQWNuNQ/gviz/tq?tqx=out:csv&sheet=data-for-countries-etc-by-year,
cities_w_500k_1m_p,"[geo:country,time:time]",Cities with 500k to 1m people,"{timeInColumns:FALSE, hasNameColumn:TRUE,nameColumn:“B”}",https://docs.google.com/spreadsheets/d/1G2GPmJ8oHwX7AIqLaS7CnG3FuoRSlg6lRSv6oQWNuNQ/gviz/tq?tqx=out:csv&sheet=data-for-countries-etc-by-year,
cities_w_1_5m_p,"[geo:country,time:time]",Cities with 1 to 5m people,"{timeInColumns:FALSE, hasNameColumn:TRUE,nameColumn:“B”}",https://docs.google.com/spreadsheets/d/1G2GPmJ8oHwX7AIqLaS7CnG3FuoRSlg6lRSv6oQWNuNQ/gviz/tq?tqx=out:csv&sheet=data-for-countries-etc-by-year,
cities_w_5_10m_p,"[geo:country,time:time]",Cities with 5 to 10m people,"{timeInColumns:FALSE, hasNameColumn:TRUE,nameColumn:“B”}",https://docs.google.com/spreadsheets/d/1G2GPmJ8oHwX7AIqLaS7CnG3FuoRSlg6lRSv6oQWNuNQ/gviz/tq?tqx=out:csv&sheet=data-for-countries-etc-by-year,
cities_w_more_10m_p,"[geo:country,time:time]",Cities  with more than 10m  people,"{timeInColumns:FALSE, hasNameColumn:TRUE,nameColumn:“B”}",https://docs.google.com/spreadsheets/d/1G2GPmJ8oHwX7AIqLaS7CnG3FuoRSlg6lRSv6oQWNuNQ/gviz/tq?tqx=out:csv&sheet=data-for-countries-etc-by-year,
cities_w_more_1m_p,"[geo:country,time:time]",Cities  with more than 1m  people,"{timeInColumns:FALSE, hasNameColumn:TRUE,nameColumn:“B”}",https://docs.google.com/spreadsheets/d/1G2GPmJ8oHwX7AIqLaS7CnG3FuoRSlg6lRSv6oQWNuNQ/gviz/tq?tqx=out:csv&sheet=data-for-countries-etc-by-year,
top10_ptaxinc_wid,"[geo:country,time:time]",Estimates of richest 10% pre-tax income share (WID),"{timeInColumns:FALSE, hasNameColumn:TRUE,nameColumn:“B”}",https://docs.google.com/spreadsheets/d/1E4JN7TmbscbARH9XSgjcdPzl9qZcZvKs_DKRfnbfL3k/gviz/tq?tqx=out:csv&sheet=data-for-countries-etc-by-year,
legslav_status,"[geo:country,time:time]",Legal slavery (or hard to inspect),"{timeInColumns:FALSE, hasNameColumn:TRUE,nameColumn:“B”}",https://docs.google.com/spreadsheets/d/1L0Go0-9gfcY_dNG8JkR5F6H9szPZtUxCm-rifq9ZvTk/gviz/tq?tqx=out:csv&sheet=data-for-countries-etc-by-year,
legslav_numc,"[geo:global,time:time]",Number of countries with legal slavery (or hard to inspect),"{timeInColumns:FALSE, hasNameColumn:TRUE,nameColumn:“B”}",https://docs.google.com/spreadsheets/d/1L0Go0-9gfcY_dNG8JkR5F6H9szPZtUxCm-rifq9ZvTk/gviz/tq?tqx=out:csv&sheet=data-for-world-by-year,
refas_prc_undesa,"[geo:country,time:time]",Refugees and asylum seekers (% of migrant stock) (UNDESA),"{timeInColumns:FALSE, hasNameColumn:TRUE,nameColumn:“B”}",https://docs.google.com/spreadsheets/d/1hvP9tgZVAHLZyt2_b-J3HFv10EvLqBslJex8DGS6NWg/gviz/tq?tqx=out:csv&sheet=data-for-countries-etc-by-year,
ilevels4,"[geo:country,time:time]",Income levels (GM),"{timeInColumns:FALSE, hasNameColumn:TRUE,nameColumn:“B”}",https://docs.google.com/spreadsheets/d/1G42jxiwyXRcb4_7iuOMw0t-uKls12T1XCOZW5QtZF5g/gviz/tq?tqx=out:csv&sheet=data-for-countries-etc-by-year,
int_refg_in,"[geo:country,time:time]",International refugees by asylum,"{timeInColumns:FALSE, hasNameColumn:TRUE,nameColumn:“B”}",https://docs.google.com/spreadsheets/d/1dgGGCJTJjvGHyIE9QucbyJ7OCJ4O4uN9IO3uVZGqrrg/gviz/tq?tqx=out:csv&sheet=data-for-countries-etc-by-year,
int_refg_in_prc,"[geo:country,time:time]",International refugees (% of population ),"{timeInColumns:FALSE, hasNameColumn:TRUE,nameColumn:“B”}",https://docs.google.com/spreadsheets/d/1dgGGCJTJjvGHyIE9QucbyJ7OCJ4O4uN9IO3uVZGqrrg/gviz/tq?tqx=out:csv&sheet=data-for-countries-etc-by-year,
unhcr_refg_in,"[geo:country,time:time]",UNHCR refugees by country of residence,"{timeInColumns:FALSE, hasNameColumn:TRUE,nameColumn:“B”}",https://docs.google.com/spreadsheets/d/1c8gMXcTMGcWkanogAyQ4pzwtXGD1cjPzZmyeFw1smlk/gviz/tq?tqx=out:csv&sheet=data-for-countries-etc-by-year,
as_in,"[geo:country,time:time]",Asylum-seekers by country of residence,"{timeInColumns:FALSE, hasNameColumn:TRUE,nameColumn:“B”}",https://docs.google.com/spreadsheets/d/1c8gMXcTMGcWkanogAyQ4pzwtXGD1cjPzZmyeFw1smlk/gviz/tq?tqx=out:csv&sheet=data-for-countries-etc-by-year,
unhcr_refg_from,"[geo:country,time:time]",UNHCR refugees by country of origin,"{timeInColumns:FALSE, hasNameColumn:TRUE,nameColumn:“B”}",https://docs.google.com/spreadsheets/d/1c8gMXcTMGcWkanogAyQ4pzwtXGD1cjPzZmyeFw1smlk/gviz/tq?tqx=out:csv&sheet=data-for-countries-etc-by-year,
as_from,"[geo:country,time:time]",Asylum-seekers by country of origin,"{timeInColumns:FALSE, hasNameColumn:TRUE,nameColumn:“B”}",https://docs.google.com/spreadsheets/d/1c8gMXcTMGcWkanogAyQ4pzwtXGD1cjPzZmyeFw1smlk/gviz/tq?tqx=out:csv&sheet=data-for-countries-etc-by-year,
idps,"[geo:country,time:time]",Internally displaced persons,"{timeInColumns:FALSE, hasNameColumn:TRUE,nameColumn:“B”}",https://docs.google.com/spreadsheets/d/1c8gMXcTMGcWkanogAyQ4pzwtXGD1cjPzZmyeFw1smlk/gviz/tq?tqx=out:csv&sheet=data-for-countries-etc-by-year,
gnicap_atm_cur,"[geo:country,time:time]",GNI per capita,"{timeInColumns:FALSE, hasNameColumn:TRUE,nameColumn:“B”}", https://docs.google.com/spreadsheets/d/1lTLaXD5hfY_H8VjK1wCiCrKQSNfP09mosihXCP9ceOw/gviz/tq?tqx=out:csv&sheet=data-for-countries-etc-by-year,
mincpcap_cppp,"[geo:country,time:time]",Average daily income per capita,"{timeInColumns:FALSE, hasNameColumn:TRUE,nameColumn:“B”}",https://docs.google.com/spreadsheets/d/1nXQrAb6bbJmhhitrvjOtuCLtE8IxnCoJ_TxjFEJQP2M/gviz/tq?tqx=out:csv&sheet=data-for-countries-etc-by-year,
sdi,"[geo:country,time:time]",Sustainable Development Index,"{timeInColumns:FALSE, hasNameColumn:TRUE,nameColumn:“B”}",https://docs.google.com/spreadsheets/d/1nfGL9zIEzcwaM-bToNlbHfSXz4PZ9uW8uhWHwxW7VKI/gviz/tq?tqx=out:csv&sheet=data-for-countries-etc-by-year,
hmless_nd,"[geo:country,time:time]",Homeless from natural disasters,"{timeInColumns:FALSE, hasNameColumn:TRUE,nameColumn:“B”}",https://docs.google.com/spreadsheets/d/1KQaJDqZkRoVQGnIDAjtx9k5m1y6mRdCMEwSIS2i-eQo/gviz/tq?tqx=out:csv&sheet=data-for-countries-etc-by-year,
hmless_nd,"[geo:world_4region,time:time]",Homeless from natural disasters,"{timeInColumns:FALSE, hasNameColumn:TRUE,nameColumn:“B”}",https://docs.google.com/spreadsheets/d/1KQaJDqZkRoVQGnIDAjtx9k5m1y6mRdCMEwSIS2i-eQo/gviz/tq?tqx=out:csv&sheet=data-for-regions-by-year,
hmless_nd,"[geo:global,time:time]",Homeless from natural disasters,"{timeInColumns:FALSE, hasNameColumn:TRUE,nameColumn:“B”}",https://docs.google.com/spreadsheets/d/1KQaJDqZkRoVQGnIDAjtx9k5m1y6mRdCMEwSIS2i-eQo/gviz/tq?tqx=out:csv&sheet=data-for-world-by-year,
percit_less_300k,"[geo:country,time:time]",Population in cities with less than 300k people (% total population),"{timeInColumns:FALSE, hasNameColumn:TRUE,nameColumn:“B”}",https://docs.google.com/spreadsheets/d/1ccBxDTT5J9k3ZJbUmuvzc0xQvsLgBJnZ62S5xzPmY9E/gviz/tq?tqx=out:csv&sheet=data-for-countries-etc-by-year,
percit_300_500k,"[geo:country,time:time]",Population in cities with 300k to 500k people (% total population),"{timeInColumns:FALSE, hasNameColumn:TRUE,nameColumn:“B”}",https://docs.google.com/spreadsheets/d/1ccBxDTT5J9k3ZJbUmuvzc0xQvsLgBJnZ62S5xzPmY9E/gviz/tq?tqx=out:csv&sheet=data-for-countries-etc-by-year,
percit_500k_1m,"[geo:country,time:time]",Population in cities with 500k  to 1m people (% total population),"{timeInColumns:FALSE, hasNameColumn:TRUE,nameColumn:“B”}",https://docs.google.com/spreadsheets/d/1ccBxDTT5J9k3ZJbUmuvzc0xQvsLgBJnZ62S5xzPmY9E/gviz/tq?tqx=out:csv&sheet=data-for-countries-etc-by-year,
percit_1_5m,"[geo:country,time:time]",Population in cities with 1 to 5m people (% total population),"{timeInColumns:FALSE, hasNameColumn:TRUE,nameColumn:“B”}",https://docs.google.com/spreadsheets/d/1ccBxDTT5J9k3ZJbUmuvzc0xQvsLgBJnZ62S5xzPmY9E/gviz/tq?tqx=out:csv&sheet=data-for-countries-etc-by-year,
percit_5_10m,"[geo:country,time:time]",Population in cities with 5 to 10m people (% total population),"{timeInColumns:FALSE, hasNameColumn:TRUE,nameColumn:“B”}",https://docs.google.com/spreadsheets/d/1ccBxDTT5J9k3ZJbUmuvzc0xQvsLgBJnZ62S5xzPmY9E/gviz/tq?tqx=out:csv&sheet=data-for-countries-etc-by-year,
percit_more_10m,"[geo:country,time:time]",Population in cities with more than 10m people (% total population),"{timeInColumns:FALSE, hasNameColumn:TRUE,nameColumn:“B”}",https://docs.google.com/spreadsheets/d/1ccBxDTT5J9k3ZJbUmuvzc0xQvsLgBJnZ62S5xzPmY9E/gviz/tq?tqx=out:csv&sheet=data-for-countries-etc-by-year,
percit_less_300k,"[geo:world_4region,time:time]",Population in cities with less than 300k people (% total population),"{timeInColumns:FALSE, hasNameColumn:TRUE,nameColumn:“B”}",https://docs.google.com/spreadsheets/d/1ccBxDTT5J9k3ZJbUmuvzc0xQvsLgBJnZ62S5xzPmY9E/gviz/tq?tqx=out:csv&sheet=data-for-regions-by-year,
percit_300_500k,"[geo:world_4region,time:time]",Population in cities with 300k to 500k people (% total population),"{timeInColumns:FALSE, hasNameColumn:TRUE,nameColumn:“B”}",https://docs.google.com/spreadsheets/d/1ccBxDTT5J9k3ZJbUmuvzc0xQvsLgBJnZ62S5xzPmY9E/gviz/tq?tqx=out:csv&sheet=data-for-regions-by-year,
percit_500k_1m,"[geo:world_4region,time:time]",Population in cities with 500k  to 1m people (% total population),"{timeInColumns:FALSE, hasNameColumn:TRUE,nameColumn:“B”}",https://docs.google.com/spreadsheets/d/1ccBxDTT5J9k3ZJbUmuvzc0xQvsLgBJnZ62S5xzPmY9E/gviz/tq?tqx=out:csv&sheet=data-for-regions-by-year,
percit_1_5m,"[geo:world_4region,time:time]",Population in cities with 1 to 5m people (% total population),"{timeInColumns:FALSE, hasNameColumn:TRUE,nameColumn:“B”}",https://docs.google.com/spreadsheets/d/1ccBxDTT5J9k3ZJbUmuvzc0xQvsLgBJnZ62S5xzPmY9E/gviz/tq?tqx=out:csv&sheet=data-for-regions-by-year,
percit_5_10m,"[geo:world_4region,time:time]",Population in cities with 5 to 10m people (% total population),"{timeInColumns:FALSE, hasNameColumn:TRUE,nameColumn:“B”}",https://docs.google.com/spreadsheets/d/1ccBxDTT5J9k3ZJbUmuvzc0xQvsLgBJnZ62S5xzPmY9E/gviz/tq?tqx=out:csv&sheet=data-for-regions-by-year,
percit_more_10m,"[geo:world_4region,time:time]",Population in cities with more than 10m people (% total population),"{timeInColumns:FALSE, hasNameColumn:TRUE,nameColumn:“B”}",https://docs.google.com/spreadsheets/d/1ccBxDTT5J9k3ZJbUmuvzc0xQvsLgBJnZ62S5xzPmY9E/gviz/tq?tqx=out:csv&sheet=data-for-regions-by-year,
fisfod_cons_pc,"[geo:country,time:time]",Fish and seafood consumption per capita,"{timeInColumns:FALSE, hasNameColumn:TRUE,nameColumn:“B”}",https://docs.google.com/spreadsheets/d/1tvfOYxFXG-PSNAkSr7o7pxuvByCtXdidgp7zutiUSn0/gviz/tq?tqx=out:csv&sheet=data-for-countries-etc-by-year,
fisfod_cons_pc,"[geo:world_4region,time:time]",Fish and seafood consumption per capita,"{timeInColumns:FALSE, hasNameColumn:TRUE,nameColumn:“B”}",https://docs.google.com/spreadsheets/d/1tvfOYxFXG-PSNAkSr7o7pxuvByCtXdidgp7zutiUSn0/gviz/tq?tqx=out:csv&sheet=data-for-regions-by-year,
fisfod_cons_pc,"[geo:global,time:time]",Fish and seafood consumption per capita,"{timeInColumns:FALSE, hasNameColumn:TRUE,nameColumn:“B”}",https://docs.google.com/spreadsheets/d/1tvfOYxFXG-PSNAkSr7o7pxuvByCtXdidgp7zutiUSn0/gviz/tq?tqx=out:csv&sheet=data-for-world-by-year,
oil_sp_qty,"[geo:global,time:time]",Quantity of oil spilt,"{timeInColumns:FALSE, hasNameColumn:TRUE,nameColumn:“B”}",https://docs.google.com/spreadsheets/d/163EbX30APOnfTPEGbqc1pOaCuzoXjusmBYJySYGAxYk/gviz/tq?tqx=out:csv&sheet=data-for-world-by-year,
oil_sp_med_num,"[geo:global,time:time]",Number of medium size oil spills,"{timeInColumns:FALSE, hasNameColumn:TRUE,nameColumn:“B”}",https://docs.google.com/spreadsheets/d/163EbX30APOnfTPEGbqc1pOaCuzoXjusmBYJySYGAxYk/gviz/tq?tqx=out:csv&sheet=data-for-world-by-year,
oil_sp_lar_num,"[geo:global,time:time]",Number of large oil spills,"{timeInColumns:FALSE, hasNameColumn:TRUE,nameColumn:“B”}",https://docs.google.com/spreadsheets/d/163EbX30APOnfTPEGbqc1pOaCuzoXjusmBYJySYGAxYk/gviz/tq?tqx=out:csv&sheet=data-for-world-by-year,
oil_sp_tot_num,"[geo:global,time:time]",Number of medium and large oil spills,"{timeInColumns:FALSE, hasNameColumn:TRUE,nameColumn:“B”}",https://docs.google.com/spreadsheets/d/163EbX30APOnfTPEGbqc1pOaCuzoXjusmBYJySYGAxYk/gviz/tq?tqx=out:csv&sheet=data-for-world-by-year,
pirats_bo,"[geo:country,time:time]",Pirate attacks on boats,"{timeInColumns:FALSE, hasNameColumn:TRUE,nameColumn:“B”}",https://docs.google.com/spreadsheets/d/120fqy_iQI6v_PXTIGLAiJ33gCYhlTw5hOYWIx3VDbAM/gviz/tq?tqx=out:csv&sheet=data-for-countries-etc-by-year,
pirats_bo,"[geo:global,time:time]",Pirate attacks on boats,"{timeInColumns:FALSE, hasNameColumn:TRUE,nameColumn:“B”}",https://docs.google.com/spreadsheets/d/120fqy_iQI6v_PXTIGLAiJ33gCYhlTw5hOYWIx3VDbAM/gviz/tq?tqx=out:csv&sheet=data-for-world-by-year,
un_peakeeper_num,"[geo:country,time:time]",Number of UN peacekeepers,"{timeInColumns:FALSE, hasNameColumn:TRUE,nameColumn:“B”}",https://docs.google.com/spreadsheets/d/1YDKikuRZIo5Y6e53_hDOlCrdSeyz05dpCYOqXGRSubI/gviz/tq?tqx=out:csv&sheet=data-for-countries-etc-by-year,
un_peakeeper_num,"[geo:world_4region,time:time]",Number of UN peacekeepers,"{timeInColumns:FALSE, hasNameColumn:TRUE,nameColumn:“B”}",https://docs.google.com/spreadsheets/d/1YDKikuRZIo5Y6e53_hDOlCrdSeyz05dpCYOqXGRSubI/gviz/tq?tqx=out:csv&sheet=data-for-regions-by-year,
un_peakeeper_num,"[geo:global,time:time]",Number of UN peacekeepers,"{timeInColumns:FALSE, hasNameColumn:TRUE,nameColumn:“B”}",https://docs.google.com/spreadsheets/d/1YDKikuRZIo5Y6e53_hDOlCrdSeyz05dpCYOqXGRSubI/gviz/tq?tqx=out:csv&sheet=data-for-world-by-year,
un_peakeeper_rate,"[geo:country,time:time]",UN peacekeepers rate,"{timeInColumns:FALSE, hasNameColumn:TRUE,nameColumn:“B”}",https://docs.google.com/spreadsheets/d/1YDKikuRZIo5Y6e53_hDOlCrdSeyz05dpCYOqXGRSubI/gviz/tq?tqx=out:csv&sheet=data-for-countries-etc-by-year,
un_peakeeper_rate,"[geo:world_4region,time:time]",UN peacekeepers rate,"{timeInColumns:FALSE, hasNameColumn:TRUE,nameColumn:“B”}",https://docs.google.com/spreadsheets/d/1YDKikuRZIo5Y6e53_hDOlCrdSeyz05dpCYOqXGRSubI/gviz/tq?tqx=out:csv&sheet=data-for-regions-by-year,
un_peakeeper_rate,"[geo:global,time:time]",UN peacekeepers rate,"{timeInColumns:FALSE, hasNameColumn:TRUE,nameColumn:“B”}",https://docs.google.com/spreadsheets/d/1YDKikuRZIo5Y6e53_hDOlCrdSeyz05dpCYOqXGRSubI/gviz/tq?tqx=out:csv&sheet=data-for-world-by-year,
immigrant_n,"[geo:country,time:time]",Immigrant stock,"{timeInColumns:FALSE, hasNameColumn:TRUE,nameColumn:“B”}",https://docs.google.com/spreadsheets/d/1hvP9tgZVAHLZyt2_b-J3HFv10EvLqBslJex8DGS6NWg/gviz/tq?tqx=out:csv&sheet=data-for-countries-etc-by-year,
emigrant_n,"[geo:country,time:time]",Emigrant stock,"{timeInColumns:FALSE, hasNameColumn:TRUE,nameColumn:“B”}",https://docs.google.com/spreadsheets/d/1hvP9tgZVAHLZyt2_b-J3HFv10EvLqBslJex8DGS6NWg/gviz/tq?tqx=out:csv&sheet=data-for-countries-etc-by-year,
immigrant_pc,"[geo:country,time:time]",Immigrant stock share,"{timeInColumns:FALSE, hasNameColumn:TRUE,nameColumn:“B”}",https://docs.google.com/spreadsheets/d/1hvP9tgZVAHLZyt2_b-J3HFv10EvLqBslJex8DGS6NWg/gviz/tq?tqx=out:csv&sheet=data-for-countries-etc-by-year,
emigrant_pc,"[geo:country,time:time]",Emigrant stock share,"{timeInColumns:FALSE, hasNameColumn:TRUE,nameColumn:“B”}",https://docs.google.com/spreadsheets/d/1hvP9tgZVAHLZyt2_b-J3HFv10EvLqBslJex8DGS6NWg/gviz/tq?tqx=out:csv&sheet=data-for-countries-etc-by-year,
immigrant_n,"[geo:world_4region,time:time]",Immigrant stock,"{timeInColumns:FALSE, hasNameColumn:TRUE,nameColumn:“B”}",https://docs.google.com/spreadsheets/d/1hvP9tgZVAHLZyt2_b-J3HFv10EvLqBslJex8DGS6NWg/gviz/tq?tqx=out:csv&sheet=data-for-regions-by-year,
emigrant_n,"[geo:world_4region,time:time]",Emigrant stock,"{timeInColumns:FALSE, hasNameColumn:TRUE,nameColumn:“B”}",https://docs.google.com/spreadsheets/d/1hvP9tgZVAHLZyt2_b-J3HFv10EvLqBslJex8DGS6NWg/gviz/tq?tqx=out:csv&sheet=data-for-regions-by-year,
immigrant_pc,"[geo:world_4region,time:time]",Immigrant stock share,"{timeInColumns:FALSE, hasNameColumn:TRUE,nameColumn:“B”}",https://docs.google.com/spreadsheets/d/1hvP9tgZVAHLZyt2_b-J3HFv10EvLqBslJex8DGS6NWg/gviz/tq?tqx=out:csv&sheet=data-for-regions-by-year,
emigrant_pc,"[geo:world_4region,time:time]",Emigrant stock share,"{timeInColumns:FALSE, hasNameColumn:TRUE,nameColumn:“B”}",https://docs.google.com/spreadsheets/d/1hvP9tgZVAHLZyt2_b-J3HFv10EvLqBslJex8DGS6NWg/gviz/tq?tqx=out:csv&sheet=data-for-regions-by-year,
legs_sexhw,"[geo:country,time:time]",Legal status of sexual harrassment in employement,"{timeInColumns:FALSE, hasNameColumn:TRUE,nameColumn:“B”}",https://docs.google.com/spreadsheets/d/1ksl1-LzVnMUSrzkMmTIllG_bad5k4a-Ri_JjFbm72h8/gviz/tq?tqx=out:csv&sheet=data-for-countries-etc-by-year,u
nc_sexhw_pc,"[geo:world_4region,time:time]",Share of countries with legislation on sexual harassment in employment,"{timeInColumns:FALSE, hasNameColumn:TRUE,nameColumn:“B”}",https://docs.google.com/spreadsheets/d/1ksl1-LzVnMUSrzkMmTIllG_bad5k4a-Ri_JjFbm72h8/gviz/tq?tqx=out:csv&sheet=data-for-regions-by-year,u
nc_sexhw_pc,"[geo:global,time:time]",Share of countries with legislation on sexual harassment in employment,"{timeInColumns:FALSE, hasNameColumn:TRUE,nameColumn:“B”}",https://docs.google.com/spreadsheets/d/1ksl1-LzVnMUSrzkMmTIllG_bad5k4a-Ri_JjFbm72h8/gviz/tq?tqx=out:csv&sheet=data-for-world-by-year,u
